PASTURE,BURN STATUS,Grazing Status,MapUnit_12,UTM_X,UTM_Y,Elevation (m),Predicted MAP (mm/yr),Average NPG Biomass (g m⁻²),Std Dev NPG Biomass,Average IPG Biomass (g m⁻²),Std Dev IPG Biomass,Total Grass Biomass (g m⁻²),Fraction Invasive Biomass,Predicted MAP (mm/yr) X,Average NPG Biomass (g m⁻²) X,Average IPG Biomass (g m⁻²) X,Total Grass Biomass (g m⁻²) X
2S,Not Burned,Grazed,Qi3,510062,3520021,1058.050049,350.3674474,42.31832064,26.03740542,26.6712175,24.73319422,68.98953814,0.386598,167.2281928,55.42115173,42.34136284,151.5840062
2S,Not Burned,Grazed,Qy,510022,3519838,1058.910034,350.627692,0.321264284,0.393556827,1.212471901,1.654886597,1.533736184,0.790534848,167.4767134,-6.956836639,1.810121468,8.082944384
2S,Not Burned,Grazed,Qy,510740,3518603,1092.27002,360.7229296,1.765464019,1.183570045,0.05,0,1.815464019,0.027541168,177.2595724,4.619544498,-20.9493263,11.56707194
2S,Not Burned,Grazed,Qi3,513919,3517816,1182.180054,387.9310698,7.211934237,4.702579185,0.628127347,1.014525977,7.840061584,0.080117655,205.0084577,20.7004051,-4.100100182,50.51283246
2S,Not Burned,Grazed,Qy,514183,3518507,1182.349976,387.9824907,5.517910569,5.335994656,5.691248349,4.842370035,11.20915892,0.507731971,205.0628101,17.02670956,19.07070205,62.93480979
6A,Not Burned,Grazed,Qi3,516876,3524425,1183.290039,388.2669682,37.6056025,24.47708212,30.77693192,12.74218267,68.38253442,0.450070068,205.3636357,52.4058365,44.87272229,151.0250341
6A,Not Burned,Grazed,Qy,516964,3524388,1186.300049,389.1778428,73.7032674,30.09641273,74.96794634,52.21159303,148.6712137,0.504253274,206.3283388,71.31418632,62.29346217,206.2893018
6A,Not Burned,Grazed,Qy,517052,3524361,1190.369995,390.4094703,85.36800107,40.86972691,23.70450653,6.392813764,109.0725076,0.217327969,207.6363446,76.04469312,40.3087574,182.6901099
6A,Not Burned,Grazed,Qy,517136,3524342,1193.479981,391.3505991,93.99625318,27.03270878,5.163133034,4.007087992,99.15938622,0.05206903,208.6386223,79.27421983,17.82422867,175.8615513
6A,Not Burned,Grazed,Qy,517238,3524292,1199.430054,393.1511815,34.61719643,17.56802259,81.86280998,36.37845617,116.4800064,0.702805679,210.562921,50.36158946,64.18412544,187.5143883
6A,Not Burned,Grazed,Qi3,516751,3524363,1179.569946,387.1412117,17.6652029,7.429676527,1.969504797,2.206362987,19.6347077,0.100307314,204.1744754,35.70707993,6.679249536,85.31543163
6A,Not Burned,Grazed,Qi3,516795,3524267,1182.640015,388.0702609,7.538305545,8.009667919,5.797680509,3.411695761,13.33598605,0.434739545,205.1556007,21.34028044,19.31052949,69.47185883
6A,Not Burned,Grazed,Qy,516780,3524185,1181.579956,387.7494712,159.4874339,43.37842077,57.47055667,24.00351922,216.9579906,0.264892556,204.8165639,99.00279753,56.77415558,238.234115
6A,Not Burned,Grazed,Qy,516785,3524100,1183.969971,388.4727258,49.81565914,36.65039637,2.062762675,1.490772147,51.87842182,0.039761477,205.581355,59.78917287,7.167982248,134.2831435
6A,Not Burned,Grazed,Qy,516788,3523998,1184.819946,388.7299413,42.68991357,24.72642462,7.264751259,6.197169855,49.95466483,0.145426884,205.8536859,55.64923552,22.30054868,132.0991332
6A,Not Burned,Grazed,Qy,516237,3522446,1192.969971,391.1962624,19.41989535,10.26799394,45.16844518,24.07550451,64.58834054,0.699328157,208.4740923,37.57457179,52.01218395,147.4500685
6A,Not Burned,Grazed,Qy,516268,3522349,1198.569946,392.8908999,25.22465727,7.968465055,53.37950242,17.04259745,78.6041597,0.67909259,210.2842096,43.05234845,55.29053126,160.0116727
6A,Not Burned,Grazed,Qy,516253,3522277,1200.170044,393.3751137,57.78778204,20.28757302,3.800392645,3.165277186,61.58817468,0.061706532,210.802857,63.97875168,14.05218861,144.5178385
6A,Not Burned,Grazed,Qy,516238,3522164,1203.26001,394.3101843,140.367514,72.48286861,22.91232514,9.67498465,163.2798392,0.1403255,211.8062305,93.91093066,39.73144367,213.8754226
6A,Not Burned,Grazed,Qy,516247,3522076,1206.150024,395.1847465,91.2291834,13.66038613,20.79037953,2.901075162,112.0195629,0.185595971,212.7468319,78.26075072,38.1016394,184.636075
6A,Not Burned,Grazed,Qi2,515627,3521367,1209.900024,396.3195534,63.58940357,15.24177933,56.87075522,19.54213559,120.4601588,0.472112571,213.9704356,66.7919939,56.56207498,190.0184191
6B,Not Burned,Grazed,Qi3,516705,3524490,1175.849976,386.0154921,1.313517431,1.741599852,11.36646206,11.17011531,12.67997949,0.89641013,202.988807,2.106121016,28.63581317,67.53856317
6B,Not Burned,Grazed,Qi3,516622,3524512,1172.550049,385.0168842,33.79134823,14.51083912,9.042271271,7.669362939,42.83361951,0.211102199,201.9399092,49.77613678,25.32955972,123.4621578
6B,Not Burned,Grazed,Qi3,516534,3524548,1168.060059,383.6581451,57.27170364,19.94681659,32.18250546,15.29903587,89.45420911,0.359765133,200.5171074,63.71958222,45.67673948,168.6969187
6B,Not Burned,Grazed,Qi3,516447,3524577,1163.930054,382.408343,36.28423229,12.83058267,63.15331326,25.47963087,99.43754555,0.635105311,199.2128202,51.51574123,58.69972945,176.0595212
6B,Not Burned,Grazed,Qi3,516358,3524587,1158.699951,380.8256346,13.94511421,9.192945131,38.89214504,14.59924909,52.83725925,0.736074232,197.5672207,31.29608762,49.16462191,135.3506048
6B,Not Burned,Grazed,Qi3,516729,3524542,1176.699951,386.2727077,17.17225127,11.89029351,3.88247734,2.796950374,21.05472861,0.184399306,203.2594159,35.16043966,14.30801454,88.37711267
6B,Not Burned,Grazed,Qi3,516671,3524577,1173.349976,385.2589542,6.468625078,1.782066663,2.622783645,2.850293415,9.091408723,0.288490346,202.1939204,19.1678129,9.777065223,55.49684287
6B,Not Burned,Grazed,Qi3,516594,3524649,1167.900024,383.6097163,19.74865288,9.801731094,34.78411415,15.66578688,54.53276703,0.637857128,200.4664882,37.91187609,47.09305989,137.2055117
6B,Not Burned,Grazed,Qi3,516508,3524692,1163.609985,382.3114854,26.82182205,10.03570514,41.9046036,10.40990953,68.72642565,0.609730583,199.1119178,44.40977251,50.57426911,151.3421374
6B,Not Burned,Grazed,Qy,516460,3524779,1159.790039,381.1555118,81.69937497,31.23639001,24.15858844,4.330651863,105.8579634,0.228217015,197.909643,74.60581872,40.63269795,180.5251468
8,Not Burned,Grazed,Qi3,512754,3516700,1170.300049,384.3360001,19.52030594,8.904089217,45.2773601,15.74100806,64.79766603,0.69874986,201.2262936,37.67799169,52.05870406,147.6510709
8,Not Burned,Grazed,Qo,513065,3516183,1199.410034,393.1451233,0.486627288,0.973254575,222.0978351,73.4783692,222.5844624,0.997813741,210.5564317,-4.715424276,88.05107419,240.5322778
8,Not Burned,Grazed,Qo,513146,3516071,1205.839966,395.0909181,5.009759611,4.264059535,208.1315418,140.2224113,213.1413014,0.976495594,212.6458186,15.7803864,86.35348633,236.6513473
8,Not Burned,Grazed,Qi3,513768,3516117,1205.810059,395.0818677,17.70325297,5.343151021,234.0113712,94.22709415,251.7146241,0.929669351,212.6360765,35.74885154,89.43242943,251.8223115
8,Not Burned,Grazed,Qy,513067,3515784,1204.02002,394.5401747,30.38065531,12.85259769,272.8744429,63.41043001,303.2550982,0.899818155,212.0533859,47.25232892,93.57626666,269.7381158
8,Not Burned,Grazed,Qi3,513455,3515520,1225.170044,400.9404929,170.3224238,49.8246349,77.26910275,28.92801689,247.5915266,0.312082985,218.9891886,101.7102697,62.93950466,250.2818206
8,Not Burned,Grazed,Qo,514460,3514983,1280.209961,417.5964067,120.0829642,32.87894443,195.799916,107.2679625,315.8828802,0.619849724,237.5617697,87.97781314,84.77646757,273.7977935
21,Not Burned,Grazed,Qi3,514858,3518710,1201.540039,393.7896951,10.51495654,4.438077943,34.42182933,16.08798086,44.93678586,0.766005594,211.2474278,26.46987386,46.90106055,126.1113338
22,Not Burned,Grazed,Qi2,514606,3518172,1199.75,393.2480021,0.05,0,34.85806,14.32654342,34.90806,0.998567666,210.6666443,-13.90733174,47.1320506,112.5741569
22,Not Burned,Grazed,Qy,514792,3517665,1217.939941,398.7525543,14.53190287,7.37590098,256.5912277,132.0621489,271.1231306,0.946401095,216.6056401,32.03986654,91.90198372,258.8459199
2N,Not Burned,Grazed,Qy,512771,3522527,1083.790039,358.1567589,67.05403893,77.56507861,3.558936266,7.117872533,70.61297519,0.050400599,174.7464868,68.3915729,13.27292781,153.06228
2N,Not Burned,Grazed,Qy,512329,3522681,1072.130005,354.6282557,22.24610092,28.81482171,0.05,0,22.29610092,0.002242545,171.3202717,40.36014383,-20.9493263,90.93746373
2N,Not Burned,Grazed,Qi2,513372,3522841,1089.729981,359.9542753,10.2857943,13.67988122,17.41359306,24.24962251,27.69938735,0.628663473,176.5049366,26.11216931,35.20728164,101.046326
3,Not Burned,Grazed,Qi3,508141,3522897,977.3969727,325.9606032,2.311586761,2.68480375,0.619546711,1.239093421,2.931133472,0.211367622,144.7410351,7.139141698,-4.215836382,22.48625076
3,Not Burned,Grazed,Qi3,507450,3523040,965.3759766,322.3228674,6.261900568,7.364345403,0.05,0,6.311900568,0.007921544,141.5283983,18.72096677,-20.9493263,43.60497364
3,Not Burned,Grazed,Qy,509350,3520421,1037.52002,344.1547491,9.277192939,10.71638612,3.946526094,4.784463814,13.22371903,0.298442978,161.350161,24.47169855,14.50461864,69.14578959
3,Not Burned,Grazed,Qy,508886,3520832,1022.469971,339.6003761,2.770752119,3.212932905,0.05,0,2.820752119,0.017725769,157.107926,8.966234307,-20.9493263,21.55211894
3,Not Burned,Grazed,Qi2,507979,3523650,962.802002,321.5439436,13.27204389,4.621799907,6.231123268,5.448799731,19.50316716,0.319492891,140.8451846,30.41693029,20.25201062,85.0240761
5N,Not Burned,Grazed,Qy,513167,3527045,1001.859985,333.3634819,5.532842557,6.9853706,6.669827651,7.706913327,12.20267021,0.546587553,151.3901695,17.06215881,21.15261703,66.08749465
5N,Not Burned,Grazed,Qy,512873,3527560,984.3619995,328.0683259,24.35773879,32.46724652,2.804585653,3.903170185,27.16232444,0.103252785,146.6189503,42.29156924,10.52702883,100.106879
5N,Not Burned,Grazed,Qy,510995,3528296,936.5830078,313.6096783,21.20500531,25.43281312,0.05,0,21.25500531,0.002352387,133.9800187,39.36290313,-20.9493263,88.79719918
5N,Not Burned,Grazed,Qy,508670,3529487,894.2150269,300.7884846,74.80329264,11.50078241,1.693251472,1.925496713,76.49654411,0.022135006,123.248927,71.78062846,5.11292666,158.228652
5N,Not Burned,Grazed,Qi3,508210,3529879,885.414978,298.1254563,0.042416321,0.068948489,0.006349341,0.012698681,0.048765662,0.130201053,121.0761972,-14.33724961,-29.71881113,-35.13171074
5S,Not Burned,Grazed,Qy,512933,3526752,1000.48999,332.9489005,14.90352754,18.16939179,5.448499835,6.438260783,20.35202737,0.267712879,151.0138531,32.50066847,18.50987708,86.8807018
5S,Not Burned,Grazed,Qy,512792,3525969,1011.419983,336.2564821,3.776031827,6.536040737,0.047702159,0.095404318,3.823733985,0.012475282,154.0291878,12.35793865,-21.19082668,29.26039941
5S,Not Burned,Grazed,Qi3,509306,3525418,962.776001,321.5360753,14.32030021,16.58550954,0.204875939,0.409751878,14.52517615,0.014104885,140.8382916,31.77398704,-12.58410714,72.81336056
5S,Not Burned,Grazed,Qi3,508449,3526100,938.9719849,314.332619,8.532833835,14.06740354,0.05,0,8.582833835,0.005825582,134.598445,23.18348014,-20.9493263,53.53292632
6B,Not Burned,Grazed,Qi3,513941,3526978,1023.419983,339.8878642,16.02197246,22.56192488,2.395587088,3.915517164,18.41755955,0.130070821,157.3740397,33.84311549,8.778522649,82.56542603
6B,Not Burned,Grazed,Qy,514393,3527482,1025.98999,340.6655874,6.098943197,9.231730532,1.313947061,2.627894123,7.412890259,0.177251654,158.0950689,18.36178186,2.58549823,48.68433944
6B,Not Burned,Grazed,Qy,515433,3525832,1098.650024,362.6536159,18.50514028,21.77301277,5.003466296,9.798397267,23.50860658,0.212835511,179.1621469,36.61565386,17.42716597,93.34379826
6B,Not Burned,Grazed,Qi2,514481,3526698,1047.979981,347.320092,20.28964813,24.41368765,30.4695131,38.17851699,50.75916123,0.600276135,164.3318523,38.45892328,44.69293947,133.0194947
6B,Not Burned,Grazed,Qi2,515075,3526291,1076.170044,355.8508328,20.81563756,24.11291629,34.06790356,39.34256007,54.88354111,0.620730785,172.5035669,38.98160105,46.71191195,137.5842142
12B,Not Burned,Grazed,Qy,506667,3520157,989.039978,329.4839532,16.82453117,19.95312078,1.624889347,3.249778693,18.44942052,0.088072649,147.8870247,34.76855977,4.693726598,82.63900735
12B,Not Burned,Grazed,Qi3,506364,3519689,989.5750122,329.6458626,4.108691239,8.217382479,0.05,0,4.158691239,0.012023013,148.0324061,13.34610638,-20.9493263,31.51534846
12B,Not Burned,Grazed,Qy,506854,3520830,986.1959839,328.6233174,6.64246563,7.894375071,1.934551909,2.260545632,8.577017538,0.225550653,147.1154436,19.53630544,6.491260811,53.5100013
12B,Not Burned,Grazed,Qi2,505720,3518813,984.8129883,328.204802,21.55985147,11.41997084,3.874096223,1.732636351,25.43394769,0.152319894,146.7409635,39.70637646,14.28209481,96.99249683
12B,Not Burned,Grazed,Qi3,505086,3518960,971.9580078,324.3146899,12.82966379,6.013539752,16.29527081,15.46746765,29.1249346,0.559495533,143.2829941,29.82287738,34.1487021,103.4796751
2N,Not Burned,Grazed,Qy,510124,3520521,1052.650024,348.7333181,47.54178887,26.20877906,37.44073076,71.22095548,84.98251963,0.440569789,165.6718985,58.5133847,48.45379118,165.2118497
2N,Not Burned,Grazed,Qy,510122,3520536,1052.160034,348.5850396,68.36869179,31.03012916,32.95393258,52.13352863,101.3226244,0.325237653,165.5310427,68.98417777,46.10604829,177.3910594
2N,Not Burned,Grazed,Qi1,510567,3520558,1063.119995,351.9016901,26.63458046,4.709380709,52.73827551,79.63984568,79.37285597,0.664437166,168.6959803,44.25345862,55.04974449,160.6536621
2N,Not Burned,Grazed,Qi1,510579,3520557,1063.420044,351.9924894,15.62586376,3.623294804,63.35330982,115.7261043,78.97917359,0.802152098,168.7830477,33.37499581,58.76491057,160.3254174
2N,Not Burned,Grazed,Qi2,515095,3521002,1190.719971,390.5153782,15.70368679,6.203656695,259.1123573,161.9990421,274.8160441,0.94285746,207.7490133,33.46758262,92.16671511,260.1421956
2N,Not Burned,Grazed,Qi3,515103,3521036,1190.430054,390.4276449,69.41636234,28.95158995,281.7746631,161.0806563,351.1910254,0.802340159,207.6556773,69.45104829,94.45762272,284.5774906
6B,Not Burned,Grazed,Qi3,516748,3524522,1177.869995,386.6267807,82.28321099,37.54492384,125.0682843,105.4900586,207.3514953,0.6031704,203.6322206,74.83763243,73.7574656,234.2120697
6B,Not Burned,Grazed,Qi3,516762,3524514,1178.339966,386.769001,59.73698573,24.95911429,53.36450488,87.51051408,113.1014906,0.471828484,203.782061,64.94400542,55.28492623,185.3414979
6A,Not Burned,Grazed,Qy,517607,3521217,1312.930054,427.4980031,47.71402192,16.27593393,319.6942324,225.8996408,367.4082544,0.870133506,248.961012,58.61141714,97.97840622,289.275613
6A,Not Burned,Grazed,Qy,517601,3521215,1312.349976,427.3224627,81.68347989,62.25351997,269.7370414,206.5109357,351.4205213,0.767562009,248.7565947,74.5994922,93.26005509,284.6450225
4,Not Burned,Grazed,Qi2,511544,3516362,1147.349976,377.3909598,25.64642304,28.58722769,158.8380525,119.1609499,184.4844755,0.8609833,194.0195407,43.41621713,79.5141274,224.0843665
4,Not Burned,Grazed,Qi2,511572,3516334,1148.98999,377.8872531,35.2010818,47.33934098,190.8454871,97.31257682,226.0465689,0.844275089,194.5301761,50.76994622,84.12026336,241.9262788
4,Not Burned,Grazed,Qi1,510857,3514632,1195.930054,392.0920284,0.277298067,0.620057596,334.2731408,189.0035715,334.5504389,0.999171132,209.4299247,-7.678916411,99.24268093,279.5963215
4,Not Burned,Grazed,Qi1,510841,3514623,1196.420044,392.2403068,0.412166548,0.921632818,271.4845211,126.5967334,271.8966876,0.998484106,209.588357,-5.649663399,93.43654308,259.1184689
5 Mid,Not Burned,Grazed,Qi3,508261,3530169,883.6530151,297.5922596,28.01308224,23.28125267,84.62762478,86.88893435,112.640707,0.751305874,120.6434906,45.38770204,64.90632565,185.0416436
5 Mid,Not Burned,Grazed,Qi3,508281,3530155,884.0670166,297.7175427,50.07167371,18.66916401,117.2434714,93.1550112,167.3151451,0.700734362,120.7450923,59.93037716,72.24675834,215.8867804
8,Not Burned,Grazed,Qo,513651,3515768,1233.699951,403.5217723,19.04305847,13.58230615,379.5587646,219.7774467,398.6018231,0.95222536,221.8180145,37.18324831,102.9052771,297.9196367
8,Not Burned,Grazed,Qo,513656,3515778,1233.359985,403.4188935,14.87760635,14.51795308,443.3733858,241.4536806,458.2509921,0.967533935,221.7049222,32.46877586,107.5096895,313.2131928
3,Not Burned,Grazed,Qy,511875,3523885,1032.979981,342.7808645,54.3161838,22.29452178,0.05,0,54.3661838,0.000919689,160.0644841,62.20470344,-20.9493263,137.0250687
3,Not Burned,Grazed,Qy,511878,3523894,1033.180054,342.8414096,17.1901267,7.189785627,15.69440513,25.19671669,32.88453184,0.477257977,160.1210338,35.18044249,33.55553246,109.5207996
UA Cell D,Not Burned,Grazed,Qi3,515073,3519469,1202.579956,394.1043897,88.4290789,41.91103677,268.2687186,286.555042,356.6977975,0.752089641,211.5851991,77.21421696,93.11104682,286.18949
UA Cell D,Not Burned,Grazed,Qi2,515296,3519348,1210.280029,396.4345487,50.35675163,35.44330837,259.2139497,182.3667808,309.5707013,0.8373336,214.0946248,60.08704915,92.17733923,271.7829755
UA Cell E,Not Burned,Grazed,Qy,515982,3518384,1244.51001,406.79306,84.92933711,33.5099139,231.2779263,116.5872319,316.2072635,0.731412441,225.4291025,75.87482973,89.12058971,273.900572
UA Cell E,Not Burned,Grazed,Qy,515964,3518385,1243.640015,406.5297862,106.6694769,65.41036662,192.2723562,82.78200478,298.9418331,0.643176481,225.1374027,83.67900059,84.31064365,268.3244021
6A,Not Burned,Grazed,Qy,516550,3523183,1183.52002,388.3365638,124.1607803,60.1524659,46.01792101,87.24707645,170.1787014,0.270409403,205.4372643,89.22112779,52.37264549,217.2936123
6A,Not Burned,Grazed,Qy,516548,3523203,1183.469971,388.3214183,111.7932351,87.72077862,6.599341141,14.13620807,118.3925762,0.055741174,205.4212399,85.36122326,21.01120081,188.7249847
12C,Not Burned,Grazed,Qi1,508569,3516215,1095,361.5490631,7.720550197,4.96831445,281.9021325,168.6066738,289.6226827,0.973342729,178.0724339,21.68962116,94.47008157,265.2205575
12C,Not Burned,Grazed,Qi1,508527,3516219,1094.410034,361.3705305,0.289830072,0.411365617,359.9603252,275.3052411,360.2501553,0.999195476,177.896612,-7.465795037,101.3659725,287.2201635
UA Cell B,Not Burned,Grazed,Qi3,512713,3518662,1138.819946,374.8096436,52.65181762,47.52849054,227.733128,153.8790273,280.3849456,0.812215961,191.3744509,61.32743806,88.71173346,262.0741445
UA Cell B,Not Burned,Grazed,Qi3,512687,3518734,1138.369995,374.6734815,104.6314513,100.2291577,146.2436942,126.4162017,250.8751455,0.582934168,191.2354289,82.99498574,77.49428016,251.5100994
2S,Not Burned,Grazed,Qi3,510887,3519543,1083.439941,358.050814,83.96648472,37.93686113,7.862481495,6.926930879,91.82896621,0.08562093,174.6431192,75.49993522,23.37995749,170.4984018
2S,Not Burned,Grazed,Qi3,510949,3519553,1085.219971,358.5894779,45.06306192,18.71448438,27.17994814,39.68953374,72.24301006,0.376229453,175.1689967,57.07569281,42.67139505,154.5228494
2S,Not Burned,Grazed,Qi3,511023,3519535,1087.400024,359.2491952,78.56717843,46.93210201,23.41793312,10.94307062,101.9851115,0.229621096,175.8141312,73.34304144,40.1017335,177.8548981
2S,Not Burned,Grazed,Qi3,511054,3519524,1088.729981,359.6516601,75.90515329,22.15815498,23.84502823,18.07475392,99.75018152,0.239047467,176.2082821,72.24331176,40.40953562,176.2815671
2S,Not Burned,Grazed,Qi3,510854,3519495,1082.369995,357.7270321,94.3767141,29.10210327,30.3723026,15.49610321,124.7490167,0.243467271,174.3274033,79.41201411,44.63578518,192.6527477
2S,Not Burned,Grazed,Qi3,510800,3519550,1081.02002,357.318509,152.7822703,45.33868888,12.52874691,8.396262501,165.3110172,0.075788941,173.9294649,97.26567283,30.08807807,214.8921329
2N,Not Burned,Grazed,Qy,514803,3522562,1143.109985,376.1078745,146.4196126,60.52845981,28.32536185,26.81126596,174.7449744,0.16209543,192.7024865,95.56989708,43.39662527,219.503126
2N,Not Burned,Grazed,Qy,514780,3522575,1141.869995,375.7326346,113.9365244,63.36249792,2.467506766,5.517515248,116.4040311,0.021197778,192.31816,86.04974349,9.102579684,187.4660124
2S,Not Burned,Grazed,Qi3,510792,3519783,1078.349976,356.5105132,25.29766448,23.78916223,60.76491572,76.27990694,86.06258021,0.706055008,173.143743,43.11562089,57.90817451,166.0651372
2S,Not Burned,Grazed,Qi3,510767,3519795,1077.560059,356.2714723,29.72971292,9.749897489,78.47735306,78.44522907,108.207066,0.725251649,172.9116327,46.74956213,63.27252939,182.1116795
2S,Not Burned,Grazed,Qi3,510626,3519737,1074.839966,355.448331,71.77625812,65.36740757,256.8584454,154.4150647,328.6347035,0.781592579,172.113548,70.48582793,91.930142,277.783809
2S,Not Burned,Grazed,Qi3,510582,3519754,1073.689941,355.1003161,47.85159442,43.20496136,199.639111,115.2556213,247.4907055,0.806652964,171.776682,58.68955291,85.27581898,250.2439275
